ActualPrice,PredictedPrice
154500,123619.10224971664
325000,318334.95662698615
115000,101720.31822921289
159000,170545.56739028916
315500,240375.40640897723
75500,119211.71536542755
311500,195534.10168583225
146000,178012.93821623665
84500,117291.77139154635
135500,150770.20255608158
145000,132264.94933148567
130000,107627.60839006095
81000,95039.05593688134
214000,211438.7920919191
181000,224210.55279428884
134500,124536.15135416621
183500,231265.59854530217
135000,144759.61803640565
118400,93285.76349222846
226000,204477.19220557646
155000,195042.18508142536
210000,221173.13601230877
173500,206075.62039913214
129000,119699.68858718476
192000,195493.0517726119
153900,181816.41741951648
181134,193420.18233160744
141000,107183.44992467901
181000,212113.8511308136
208900,210693.35804632516
127000,90540.27749459492
284000,265243.67468702607
200500,320395.6238511554
135750,121414.43941558548
255000,224183.1006700797
140000,132826.73724430054
138000,200735.19720342592
219500,235650.3027472135
310000,272549.2789482763
97000,113912.40454133251
114500,107354.48272014572
205000,263462.93011816405
119500,118652.59078578581
253293,269614.8469146285
128500,113125.40413383185
117500,130849.14712373167
115000,124807.33824010799
127000,114388.59048495814
451950,296836.51631548954
144000,167689.6409244337
119000,102565.71227748599
196000,205896.13468168373
115000,161391.31279885396
287000,347581.9972323263
144500,173294.29898448428
260000,233725.97750709346
213000,226600.36266158381
175000,141686.23039353197
107000,141350.16249192087
107500,107057.97658176441
68500,64224.06400784827
154000,138855.8172679122
317000,295018.97482655244
264132,229117.77874356275
283463,239187.17041858588
243000,209421.33059762465
109000,114842.98562009027
305000,271445.72629007814
93500,140424.15676719765
176000,215333.7783758957
118858,170492.4078380484
134000,143744.54771325062
109008,100604.59011729131
93500,123497.28562384122
611657,322031.26390349073
173000,196144.6020699467
348000,296565.32942954777
341000,295511.9115779367
141000,128567.31229750812
124900,118340.4198013267
118000,140525.00864376058
67000,100251.93873260636
113000,123352.6848056058
91300,97061.59648350277
149500,173599.761743139
133000,150861.70963677834
266000,256656.1944829179
190000,203906.73433809867
155900,173294.29898448428
155835,204892.15385057195
153500,178788.02307251235
152000,170002.3017445216
124500,131798.32903463347
301000,305282.6642428092
136500,184903.77492028754
169990,188928.11211512517
205000,136994.2401716921
183900,197743.66223488795
204900,226340.45935548143
260000,259119.0159269746
163500,191874.71960249613
224900,235449.87904356397
244000,255413.9461179925
132000,84992.34694423666
194000,193976.3479802981
156500,161799.760305841
156000,124877.71324680815
275000,232330.9977628407
145000,145018.82355642016
135000,203942.75490698917
60000,102871.9513873253
124000,133429.41667781863
127000,119658.3163130749
137500,113084.72964581032
213500,241437.78088086192
119000,90193.44246183033
107900,114028.72717617708
123000,110293.18049733248
112000,208864.53297754866
284000,220552.98122183303
133000,158853.54099406255
149000,173294.29898448428
169000,211685.1634237133
207000,151867.24107627152
175000,182897.0933075403
137000,111285.17996251676
236000,267922.778768606
79500,94633.24499995564
144000,157660.53556184028
162900,181437.6704312074
185900,216475.87265034625
369900,282181.60855931416
197900,231828.91030338663
104000,165192.96874085977
35311,82645.0220758433
337500,232971.19866563333
367294,268659.0123981335
130250,121206.4156122473
230000,222272.30740426853
755000,481348.6645772476
403000,320781.4154388765
132000,118842.3131729844
178000,214312.19391473266
136500,135694.25690049096
145000,114653.26323289191
123000,109454.10649927147
250000,203692.8941828399
187100,197305.8238197181
133900,117054.35668002605
67000,71664.48640787881
137500,113210.59116431698
155000,156507.15770755033
200624,252813.06093859416
154300,214505.90939257783
91000,85224.7981261299
136000,193235.73308453173
108959,202171.3054259955
140000,164828.22046754765
86000,49666.78929478582
131400,129844.22471073875
179900,182059.95809345297
144000,191082.26807378256
293077,226214.79192477092
144500,149996.92821068573
118500,141068.080201732
141000,147719.3035077902
239000,249195.33779497864
276000,325670.3399720113
556581,336723.4064633306
244400,226078.73278810503
360000,254312.13815597165
103200,130859.48912168993
102000,118220.65748212417
151000,190650.07486762223
285000,326260.90976650827
134432,156973.0802183149
113000,151244.64380353014
187500,217504.4749478097
125500,147861.08977487357
177500,211671.43736160873
179900,145063.4643719762
55993,127434.36873112712
132500,123881.13842758862
135000,141701.76696651638
255000,258174.90287390794
140000,150516.20436148695
271000,226023.32484139502
246578,226554.80320903147
202500,211448.13688778528
75000,132911.03240090143
122500,180076.02497778647
108480,100783.22301244689
160000,144208.09355645208
171000,142417.30640563648
196000,221750.56200808985
225000,206784.23076153966
197000,217015.86975466716
40000,109026.11657825904
172500,228502.00521932542
154900,112772.55866135098
280000,200332.34519745107
175000,194220.71471341606
147000,111919.7586011854
315000,306085.1354085915
185000,189258.77860352024
135500,116439.40921497019
239500,254777.42869535042
139000,129299.21436879388
140000,174966.43654088955
110000,107636.75909813051
225000,256929.82385112531
143500,160315.0181770688
128950,136605.2068056364
172500,199779.9288436137
241500,163542.15734624723
262500,218601.00976970769
194201,219228.85723768687
143000,127924.28073685779
130000,149256.06951912632
126000,189899.67729240097
142500,115530.87884720485
254000,207692.54409662378
217500,197522.80424332968
66500,109251.54992385232
201000,206923.84510526294
155000,134573.5155509452
68400,105717.70699813357
64500,59807.38203569036
173000,169996.90033130534
102776,91876.863598075
84900,109456.93715712894
165600,197235.25472522178
120000,114863.22582020331
135000,134153.97855191492
220000,240644.4604231494
153575,112692.83885878487
195400,196220.5725776595
147000,160688.99572354672
277000,252558.84571131854
143000,139757.32979937736
105900,69671.33676944021
242000,296674.74975079205
194500,223278.0329315574
438780,362882.70139230695
185000,202238.1749336354
107500,102641.55451210495
165000,161562.53968211683
176000,169411.9260378203
129900,135241.36266574333
115000,96265.63945572893
192140,227924.77331134048
160000,192207.32487486443
145000,148373.87855077814
86000,58883.574997439515
158000,138171.6075209484
127500,152524.51514771208
115000,104818.95930982335
119500,155748.6295712369
175900,207206.81926933583
240000,262279.4635696034
395000,260300.03999326937
165000,152062.77981539047
128200,117450.82282108604
275000,225668.0368866485
311872,234788.5460667743
214000,240026.05032885098
153500,201406.00324917515
144000,172334.32699754392
115000,126134.57954772213
180000,196345.8518327775
465000,288285.83303145645
180000,196606.1433144724
253000,259125.72415277874
85000,140814.30285804556
101800,154736.58399373572
148500,123265.55899114744
137500,230086.70735077676
318061,267061.21617596317
143000,205717.76168902707
140000,158853.85060455813
192500,235347.28247082373
92000,117291.77139154635
197000,217752.78506357712
109500,73547.82754948107
297000,233931.17065257393
185750,171949.89193040784
230000,241246.31379748601
89471,122358.74655644782
260000,211862.90444498463
189000,203932.18186363135
108000,131962.6536042958
124500,108475.83309619152
